{"stats":{"minecraft:custom":{"minecraft:jump":104,"minecraft:time_since_rest":3334,"minecraft:damage_taken":135,"minecraft:leave_game":3,"minecraft:crouch_one_cm":1281,"minecraft:play_time":3334,"minecraft:sprint_one_cm":7201,"minecraft:time_since_death":3334,"minecraft:walk_on_water_one_cm":815,"minecraft:walk_one_cm":3255,"minecraft:sneak_time":363,"minecraft:total_world_time":3334,"minecraft:walk_under_water_one_cm":320,"minecraft:swim_one_cm":5024,"minecraft:fall_one_cm":4150,"minecraft:drop":1,"minecraft:fly_one_cm":18905},"minecraft:mined":{"minecraft:sand":7,"minecraft:dirt":12},"minecraft:used":{"minecraft:sand":2,"minecraft:dirt":11},"minecraft:picked_up":{"minecraft:sand":6,"minecraft:dirt":12},"minecraft:dropped":{"minecraft:dirt":1}},"DataVersion":3120}