{"stats":{"minecraft:custom":{"minecraft:mob_kills":11,"minecraft:interact_with_crafting_table":44,"minecraft:leave_game":5,"minecraft:time_since_death":12919,"minecraft:climb_one_cm":43346,"minecraft:sprint_one_cm":447166,"minecraft:walk_one_cm":390707,"minecraft:drop":98,"minecraft:talked_to_villager":8,"minecraft:play_time":228718,"minecraft:deaths":23,"minecraft:sneak_time":44964,"minecraft:walk_under_water_one_cm":28878,"minecraft:boat_one_cm":26514,"minecraft:interact_with_brewingstand":1,"minecraft:jump":5657,"minecraft:walk_on_water_one_cm":39362,"minecraft:total_world_time":228718,"minecraft:interact_with_furnace":29,"minecraft:traded_with_villager":51,"minecraft:sleep_in_bed":4,"minecraft:time_since_rest":12946,"minecraft:damage_taken":7240,"minecraft:damage_dealt":3252,"minecraft:swim_one_cm":55964,"minecraft:fly_one_cm":624056,"minecraft:open_chest":31,"minecraft:crouch_one_cm":95921,"minecraft:fall_one_cm":75943},"minecraft:killed_by":{"pale_hound:pale_hound":1,"minecraft:drowned":5,"sanitydim:rotting_stalker":1,"man:managgresive":1,"mimic_dweller:mimic_dweller":1,"skinwalker_overhaul:skinwalker_overhaul":4,"torture:torture":2,"irritator:irritator":1,"assimilator:assimilator":2},"minecraft:picked_up":{"minecraft:crafting_table":2,"minecraft:wheat":14,"minecraft:oak_stairs":4,"gravestone:obituary":14,"minecraft:brewing_stand":1,"minecraft:raw_copper":120,"minecraft:beetroot":2,"minecraft:red_sand":29,"minecraft:cobbled_deepslate":105,"minecraft:poppy":1,"minecraft:sugar_cane":47,"minecraft:birch_sapling":15,"minecraft:egg":1,"minecraft:raw_copper_block":1,"minecraft:furnace":1,"minecraft:stick":71,"minecraft:raw_iron":27,"minecraft:oak_door":2,"minecraft:brown_terracotta":8,"minecraft:copper_ingot":1,"minecraft:oak_fence":1,"minecraft:torch":30,"minecraft:acacia_log":58,"minecraft:porkchop":3,"minecraft:diorite":140,"minecraft:carrot":19,"minecraft:cactus":15,"minecraft:rotten_flesh":9,"minecraft:beetroot_seeds":12,"minecraft:hay_block":26,"minecraft:white_terracotta":6,"minecraft:mutton":7,"minecraft:nautilus_shell":1,"minecraft:cobblestone":2376,"minecraft:white_wool":3,"minecraft:oxeye_daisy":3,"minecraft:stripped_oak_log":2,"minecraft:birch_log":44,"minecraft:salmon":1,"minecraft:andesite":143,"minecraft:potato":10,"minecraft:birch_planks":6,"minecraft:flint":5,"minecraft:oak_log":189,"sanitydim:garland":1,"minecraft:dirt":637,"minecraft:orange_terracotta":98,"minecraft:acacia_planks":13,"minecraft:apple":7,"minecraft:wheat_seeds":47,"minecraft:stone_pickaxe":10,"minecraft:acacia_sapling":10,"minecraft:oak_planks":10,"minecraft:birch_boat":1,"minecraft:dandelion":1,"minecraft:gravel":17,"minecraft:sand":23,"minecraft:ink_sac":1,"minecraft:loom":2,"minecraft:granite":137,"vanillaplustools:stone_hammer":1,"minecraft:bread":39,"minecraft:terracotta":32,"minecraft:oak_sapling":93,"minecraft:acacia_slab":5,"minecraft:black_wool":1,"minecraft:coal":92},"minecraft:mined":{"minecraft:brewing_stand":1,"gravestone:gravestone":23,"minecraft:granite":111,"minecraft:red_sand":36,"minecraft:acacia_log":66,"minecraft:grass_block":162,"minecraft:acacia_slab":6,"minecraft:oxeye_daisy":1,"minecraft:hay_block":28,"minecraft:carrots":6,"minecraft:iron_ore":27,"minecraft:cobbled_deepslate":16,"minecraft:fire":33,"minecraft:andesite":134,"minecraft:potatoes":3,"minecraft:dirt_path":64,"minecraft:oak_stairs":2,"minecraft:stripped_oak_log":2,"minecraft:stone":2157,"minecraft:orange_terracotta":99,"minecraft:crafting_table":2,"minecraft:torch":6,"minecraft:dead_bush":15,"minecraft:tall_grass":17,"minecraft:copper_ore":34,"minecraft:cobblestone":202,"minecraft:sugar_cane":42,"minecraft:oak_planks":10,"minecraft:diorite":115,"minecraft:wall_torch":18,"minecraft:seagrass":1,"minecraft:white_terracotta":15,"minecraft:birch_planks":4,"minecraft:birch_log":44,"minecraft:wheat":15,"minecraft:birch_leaves":1,"minecraft:grass":50,"minecraft:oak_log":189,"minecraft:coal_ore":98,"minecraft:beetroots":2,"minecraft:loom":2,"minecraft:gravel":26,"minecraft:sand":25,"minecraft:dirt":448,"minecraft:brown_terracotta":8,"minecraft:terracotta":52,"minecraft:acacia_planks":15,"minecraft:raw_copper_block":1,"minecraft:oak_leaves":38,"minecraft:deepslate":85},"minecraft:killed":{"minecraft:drowned":2,"minecraft:pig":1,"minecraft:salmon":1,"minecraft:creeper":1,"minecraft:squid":1,"sackman:sackman":1,"minecraft:sheep":4},"minecraft:used":{"minecraft:red_sand":1,"minecraft:stone_sword":11,"minecraft:acacia_log":1,"minecraft:chest":6,"vanillaplustools:stone_hammer":399,"minecraft:cooked_salmon":1,"minecraft:rotten_flesh":4,"minecraft:torch":118,"minecraft:brewing_stand":1,"minecraft:dirt":129,"minecraft:mutton":1,"sanitydim:garland":1,"minecraft:carrot":21,"minecraft:iron_hoe":74,"minecraft:wooden_axe":66,"minecraft:iron_axe":135,"minecraft:acacia_slab":20,"minecraft:bow":48,"minecraft:furnace":2,"minecraft:egg":1,"minecraft:acacia_planks":49,"minecraft:cobbled_deepslate":45,"minecraft:wheat_seeds":14,"minecraft:acacia_boat":1,"minecraft:diorite":16,"minecraft:birch_planks":4,"minecraft:stone_pickaxe":181,"minecraft:oak_planks":2,"minecraft:cactus":3,"minecraft:wooden_pickaxe":60,"minecraft:birch_boat":2,"minecraft:sandstone":1,"minecraft:fletching_table":2,"minecraft:sugar_cane":22,"minecraft:sand":9,"minecraft:terracotta":32,"minecraft:crafting_table":8,"vanillaplustools:stone_shovel":153,"minecraft:oak_log":4,"minecraft:apple":1,"minecraft:oxeye_daisy":1,"minecraft:bread":23,"minecraft:oak_button":1,"minecraft:stone_axe":239,"minecraft:cobblestone":952,"minecraft:cooked_porkchop":2,"minecraft:andesite":30,"minecraft:stripped_oak_log":1},"minecraft:crafted":{"minecraft:oak_planks":696,"minecraft:stone_shovel":18,"vanillaplustools:stone_hammer":3,"minecraft:birch_boat":1,"minecraft:furnace":1,"minecraft:bow":1,"minecraft:iron_axe":1,"minecraft:iron_hoe":1,"minecraft:stone_pickaxe":36,"minecraft:chest":6,"minecraft:oak_button":1,"vanillaplustools:stone_shovel":2,"minecraft:wheat":180,"minecraft:arrow":128,"minecraft:emerald":42,"minecraft:cooked_porkchop":3,"minecraft:crafting_table":6,"minecraft:acacia_slab":24,"minecraft:wooden_pickaxe":1,"minecraft:cooked_salmon":1,"minecraft:fletching_table":2,"minecraft:birch_planks":20,"minecraft:stone_axe":2,"minecraft:bread":64,"minecraft:acacia_boat":1,"minecraft:air":0,"minecraft:charcoal":1,"minecraft:stick":1392,"minecraft:iron_ingot":31,"minecraft:wooden_axe":1,"minecraft:stone_sword":1,"minecraft:sandstone":1,"minecraft:acacia_planks":144,"minecraft:torch":116},"minecraft:dropped":{"minecraft:iron_ingot":2,"minecraft:bread":76,"minecraft:birch_planks":17,"minecraft:wheat_seeds":8,"minecraft:cooked_porkchop":1,"minecraft:cobblestone":37,"minecraft:copper_ingot":1,"minecraft:stick":11,"minecraft:oxeye_daisy":1,"minecraft:dirt":43,"minecraft:diorite":26,"minecraft:mutton":6,"gravestone:obituary":38,"minecraft:sand":9,"minecraft:iron_axe":1,"minecraft:white_wool":3,"minecraft:dandelion":1,"minecraft:birch_sapling":2,"minecraft:rotten_flesh":2,"minecraft:carrot":2,"minecraft:potato":5,"minecraft:hay_block":6,"minecraft:beetroot_seeds":6,"minecraft:andesite":5,"minecraft:acacia_sapling":6,"minecraft:oak_sapling":55,"vanillaplustools:stone_hammer":1,"minecraft:red_sand":27,"minecraft:stone_pickaxe":18,"minecraft:black_wool":1},"minecraft:broken":{"sanitydim:garland":1,"minecraft:wooden_pickaxe":1,"minecraft:stone_pickaxe":1,"vanillaplustools:stone_hammer":3,"minecraft:stone_axe":1,"vanillaplustools:stone_shovel":1,"minecraft:wooden_axe":1}},"DataVersion":3120}