{"stats":{"minecraft:custom":{"minecraft:mob_kills":4,"minecraft:interact_with_crafting_table":42,"minecraft:bell_ring":1,"minecraft:leave_game":2,"minecraft:time_since_death":823,"minecraft:climb_one_cm":42817,"minecraft:sprint_one_cm":411909,"minecraft:walk_one_cm":628723,"minecraft:drop":58,"minecraft:talked_to_villager":1,"minecraft:play_time":226551,"minecraft:deaths":17,"minecraft:sneak_time":14908,"minecraft:walk_under_water_one_cm":22870,"minecraft:boat_one_cm":20500,"minecraft:jump":2572,"minecraft:walk_on_water_one_cm":22083,"minecraft:total_world_time":226551,"minecraft:interact_with_furnace":34,"minecraft:interact_with_stonecutter":1,"minecraft:sleep_in_bed":4,"minecraft:time_since_rest":868,"minecraft:damage_taken":6424,"minecraft:damage_dealt":1724,"minecraft:swim_one_cm":16765,"minecraft:fly_one_cm":365633,"minecraft:open_chest":141,"minecraft:crouch_one_cm":62170,"minecraft:fall_one_cm":50904},"minecraft:killed_by":{"minecraft:player":1,"sackman:sackman":1,"minecraft:drowned":1,"steve_dweller:steve_dweller":1,"sanitydim:rotting_stalker":1,"man:managgresive":1,"mimic_dweller:mimic_dweller":4,"skinwalker_overhaul:skinwalker_overhaul":2,"torture:torture":1,"krampus:krampus":2},"minecraft:picked_up":{"minecraft:wooden_axe":1,"minecraft:crafting_table":3,"minecraft:wheat":2,"minecraft:azure_bluet":1,"minecraft:oak_stairs":1,"gravestone:obituary":13,"minecraft:cornflower":4,"minecraft:oak_trapdoor":1,"minecraft:raw_copper":84,"vanillaplustools:stone_shovel":1,"minecraft:cobbled_deepslate":66,"minecraft:oak_boat":1,"minecraft:iron_pickaxe":1,"minecraft:sugar_cane":42,"minecraft:birch_sapling":5,"minecraft:furnace":2,"minecraft:stick":66,"minecraft:raw_iron":5,"minecraft:torch":19,"minecraft:porkchop":8,"minecraft:diorite":147,"minecraft:rotten_flesh":2,"minecraft:hay_block":9,"minecraft:white_terracotta":7,"minecraft:mutton":6,"minecraft:cobblestone":1438,"minecraft:white_wool":3,"minecraft:oxeye_daisy":1,"minecraft:birch_log":13,"minecraft:andesite":29,"minecraft:birch_planks":17,"minecraft:oak_log":288,"minecraft:cobblestone_stairs":4,"minecraft:dirt":225,"minecraft:orange_terracotta":21,"minecraft:acacia_planks":1,"minecraft:apple":4,"minecraft:stonecutter":1,"minecraft:wheat_seeds":23,"minecraft:iron_ingot":2,"minecraft:stone_pickaxe":5,"minecraft:iron_sword":1,"minecraft:oak_planks":13,"minecraft:acacia_sapling":1,"minecraft:book":9,"minecraft:oak_slab":1,"minecraft:cooked_porkchop":4,"minecraft:birch_boat":2,"minecraft:dandelion":18,"minecraft:gravel":4,"minecraft:sand":14,"minecraft:ink_sac":2,"minecraft:white_bed":1,"travelersbackpack:white_sleeping_bag":4,"minecraft:light_gray_concrete":3,"minecraft:granite":153,"vanillaplustools:stone_hammer":1,"minecraft:bread":19,"minecraft:oak_button":1,"minecraft:terracotta":40,"minecraft:oak_sapling":64,"minecraft:black_wool":1,"minecraft:coal":40},"minecraft:mined":{"minecraft:white_bed":1,"minecraft:oak_sapling":2,"minecraft:cobblestone_stairs":5,"minecraft:granite":189,"gravestone:gravestone":15,"minecraft:red_sand":1,"minecraft:grass_block":81,"travelersbackpack:white_sleeping_bag":4,"minecraft:oxeye_daisy":1,"minecraft:hay_block":8,"minecraft:furnace":3,"minecraft:iron_ore":5,"minecraft:fire":11,"minecraft:andesite":49,"minecraft:azure_bluet":1,"minecraft:bookshelf":3,"minecraft:dirt_path":1,"minecraft:oak_stairs":1,"minecraft:light_gray_concrete":3,"minecraft:stone":1401,"minecraft:glass_pane":6,"minecraft:orange_terracotta":21,"minecraft:dandelion":21,"minecraft:crafting_table":3,"minecraft:cornflower":4,"minecraft:torch":4,"minecraft:poppy":1,"minecraft:dead_bush":11,"minecraft:cobblestone":136,"minecraft:copper_ore":32,"minecraft:tall_grass":3,"minecraft:oak_planks":11,"minecraft:sugar_cane":11,"minecraft:diorite":196,"minecraft:wall_torch":6,"minecraft:white_terracotta":11,"minecraft:birch_planks":2,"minecraft:birch_log":13,"minecraft:wheat":4,"minecraft:grass":33,"minecraft:coal_ore":16,"minecraft:oak_log":176,"minecraft:gravel":3,"minecraft:sand":14,"minecraft:dirt":155,"minecraft:brown_terracotta":3,"minecraft:terracotta":53,"minecraft:acacia_planks":1,"minecraft:stonecutter":1,"minecraft:oak_leaves":26,"minecraft:deepslate":69},"minecraft:killed":{"minecraft:drowned":1,"minecraft:pig":3},"minecraft:used":{"minecraft:ladder":27,"minecraft:chest":2,"minecraft:iron_sword":26,"vanillaplustools:stone_hammer":262,"minecraft:torch":63,"minecraft:dirt":115,"minecraft:mutton":3,"cgm:workbench":1,"minecraft:granite":5,"minecraft:wooden_axe":76,"minecraft:birch_sapling":3,"minecraft:oak_sapling":50,"minecraft:furnace":3,"minecraft:acacia_planks":1,"minecraft:cobbled_deepslate":32,"minecraft:wheat_seeds":5,"minecraft:diorite":1,"minecraft:cobblestone_stairs":49,"minecraft:birch_planks":2,"minecraft:stone_pickaxe":220,"minecraft:oak_planks":221,"minecraft:birch_boat":1,"minecraft:wooden_pickaxe":38,"minecraft:stonecutter":1,"minecraft:sugar_cane":5,"minecraft:terracotta":3,"minecraft:crafting_table":6,"vanillaplustools:stone_shovel":51,"minecraft:light_gray_concrete_powder":3,"minecraft:white_bed":1,"minecraft:oak_log":95,"minecraft:bread":38,"minecraft:iron_pickaxe":1,"travelersbackpack:white_sleeping_bag":4,"minecraft:stone_axe":181,"minecraft:cobblestone":2049,"minecraft:cooked_porkchop":7,"minecraft:birch_log":1,"minecraft:oak_boat":1},"minecraft:crafted":{"minecraft:light_gray_concrete_powder":24,"minecraft:oak_planks":232,"minecraft:stone_shovel":9,"vanillaplustools:stone_hammer":2,"minecraft:furnace":1,"minecraft:cobblestone_stairs":32,"sanitydim:garland":3,"travelersbackpack:white_sleeping_bag":1,"minecraft:ladder":27,"minecraft:stone_pickaxe":15,"minecraft:chest":2,"vanillaplustools:stone_shovel":1,"cgm:workbench":1,"minecraft:wheat":90,"minecraft:cooked_porkchop":8,"minecraft:crafting_table":3,"minecraft:wooden_pickaxe":1,"minecraft:iron_sword":1,"minecraft:copper_ingot":44,"minecraft:birch_planks":20,"minecraft:stone_axe":2,"minecraft:bread":30,"minecraft:air":0,"minecraft:oak_boat":1,"minecraft:charcoal":6,"minecraft:stick":96,"minecraft:iron_ingot":10,"minecraft:iron_pickaxe":1,"minecraft:wooden_axe":1,"minecraft:light_gray_dye":3,"minecraft:torch":32},"minecraft:dropped":{"minecraft:oak_log":6,"minecraft:cooked_porkchop":8,"minecraft:cobblestone":121,"minecraft:mutton":3,"gravestone:obituary":42,"minecraft:dandelion":1,"minecraft:rotten_flesh":2,"minecraft:oak_button":1,"sanitydim:garland":1,"vanillaplustools:stone_hammer":1,"minecraft:black_wool":1},"minecraft:broken":{"sanitydim:garland":2,"minecraft:stone_pickaxe":1,"vanillaplustools:stone_hammer":2,"minecraft:stone_axe":1,"minecraft:wooden_axe":2}},"DataVersion":3120}