{"stats":{"minecraft:custom":{"minecraft:interact_with_furnace":1,"minecraft:mob_kills":3,"minecraft:interact_with_crafting_table":11,"minecraft:bell_ring":1,"minecraft:leave_game":4,"minecraft:time_since_death":3895,"minecraft:sleep_in_bed":4,"minecraft:climb_one_cm":5776,"minecraft:time_since_rest":3927,"minecraft:sprint_one_cm":322946,"minecraft:damage_taken":4589,"minecraft:walk_one_cm":245037,"minecraft:drop":38,"minecraft:damage_dealt":888,"minecraft:swim_one_cm":17061,"minecraft:fly_one_cm":88739,"minecraft:player_kills":1,"minecraft:open_chest":12,"minecraft:crouch_one_cm":209,"minecraft:play_time":76467,"minecraft:deaths":14,"minecraft:sneak_time":178,"minecraft:walk_under_water_one_cm":34372,"minecraft:jump":951,"minecraft:walk_on_water_one_cm":25481,"minecraft:total_world_time":76467,"minecraft:fall_one_cm":23169},"minecraft:killed_by":{"man:managgresive":1,"mimic_dweller:mimic_dweller":1,"skinwalker_overhaul:skinwalker_overhaul":1,"minecraft:skeleton":4,"minecraft:drowned":5,"assimilator:assimilator":1},"minecraft:picked_up":{"minecraft:crafting_table":1,"minecraft:wooden_pickaxe":7,"minecraft:oak_stairs":1,"minecraft:oak_log":60,"gravestone:obituary":6,"minecraft:oak_trapdoor":1,"minecraft:dirt":54,"minecraft:raw_copper":9,"minecraft:bone":1,"minecraft:apple":8,"minecraft:wheat_seeds":16,"minecraft:cobbled_deepslate":190,"minecraft:stone_pickaxe":9,"minecraft:sugar_cane":14,"minecraft:birch_sapling":1,"minecraft:oak_planks":6,"minecraft:stick":19,"minecraft:torch":4,"minecraft:dandelion":2,"minecraft:gravel":3,"minecraft:arrow":3,"minecraft:stone_sword":1,"minecraft:rotten_flesh":2,"minecraft:hay_block":6,"minecraft:oak_sapling":32,"minecraft:cobblestone":85},"minecraft:mined":{"minecraft:oak_sapling":2,"minecraft:dandelion":1,"minecraft:glow_lichen":2,"minecraft:crafting_table":1,"minecraft:torch":1,"gravestone:gravestone":15,"minecraft:grass_block":15,"minecraft:cobblestone":5,"minecraft:tall_grass":12,"minecraft:sugar_cane":5,"minecraft:oak_planks":6,"minecraft:wall_torch":1,"minecraft:deepslate_copper_ore":3,"minecraft:birch_sapling":1,"minecraft:oak_trapdoor":1,"minecraft:cobbled_deepslate":15,"minecraft:grass":128,"minecraft:oak_log":59,"minecraft:dirt_path":10,"minecraft:dirt":11,"minecraft:stone":64,"minecraft:oak_leaves":6,"minecraft:deepslate":179},"minecraft:killed":{"minecraft:skeleton":2,"minecraft:drowned":1},"minecraft:used":{"minecraft:oak_trapdoor":2,"minecraft:stone_sword":30,"minecraft:stone_pickaxe":103,"minecraft:iron_sword":18,"vanillaplustools:stone_hammer":30,"minecraft:dirt":9,"minecraft:crafting_table":2,"minecraft:cobbled_deepslate_stairs":8,"minecraft:wooden_axe":93,"minecraft:lava_bucket":1,"minecraft:bread":10,"minecraft:cobblestone":43,"minecraft:oak_sapling":20,"minecraft:bucket":1,"minecraft:cobbled_deepslate":22,"minecraft:dandelion":1},"minecraft:crafted":{"minecraft:oak_planks":68,"vanillaplustools:stone_hammer":1,"minecraft:crafting_table":1,"minecraft:wooden_pickaxe":9,"minecraft:bucket":1,"minecraft:bread":18,"minecraft:oak_trapdoor":2,"minecraft:stick":8,"minecraft:stone_pickaxe":1,"minecraft:wooden_axe":2,"minecraft:stone_sword":1,"minecraft:cobbled_deepslate_stairs":8,"minecraft:wheat":54},"minecraft:dropped":{"minecraft:iron_sword":1,"vanillaplustools:stone_shovel":1,"minecraft:oak_log":110,"minecraft:stone_sword":1,"gravestone:obituary":13,"minecraft:oak_stairs":1,"minecraft:wooden_pickaxe":16,"minecraft:iron_pickaxe":1,"minecraft:dandelion":1},"minecraft:broken":{"minecraft:wooden_axe":1}},"DataVersion":3120}