{"stats":{"minecraft:custom":{"minecraft:interact_with_furnace":10,"minecraft:mob_kills":2,"minecraft:interact_with_crafting_table":34,"minecraft:bell_ring":23,"minecraft:leave_game":1,"minecraft:time_since_death":1165,"minecraft:sleep_in_bed":6,"minecraft:climb_one_cm":41253,"minecraft:time_since_rest":1196,"minecraft:sprint_one_cm":326636,"minecraft:damage_taken":5905,"minecraft:walk_one_cm":658390,"minecraft:drop":36,"minecraft:damage_dealt":468,"minecraft:swim_one_cm":82955,"minecraft:talked_to_villager":1,"minecraft:fly_one_cm":274825,"minecraft:open_chest":77,"minecraft:crouch_one_cm":27283,"minecraft:play_time":226118,"minecraft:deaths":18,"minecraft:sneak_time":6419,"minecraft:walk_under_water_one_cm":46599,"minecraft:boat_one_cm":45289,"minecraft:jump":1912,"minecraft:walk_on_water_one_cm":11139,"minecraft:total_world_time":226118,"minecraft:fall_one_cm":52913},"minecraft:killed_by":{"mimic_dweller:mimic_dweller":1,"skinwalker_overhaul:skinwalker_overhaul":2,"torture:torture":1,"assimilator:assimilator":2,"sanitydim:rotting_stalker":2},"minecraft:picked_up":{"minecraft:andesite":14,"minecraft:yellow_wool":7,"minecraft:potato":5,"minecraft:oak_stairs":47,"minecraft:oak_log":56,"gravestone:obituary":19,"minecraft:yellow_bed":1,"minecraft:cobblestone_stairs":3,"minecraft:dirt":19,"minecraft:raw_copper":78,"minecraft:iron_axe":1,"minecraft:orange_terracotta":10,"minecraft:bone":1,"minecraft:wheat_seeds":5,"minecraft:red_sand":1,"minecraft:cobbled_deepslate":73,"minecraft:bell":1,"minecraft:stone_pickaxe":1,"minecraft:iron_ingot":1,"minecraft:oak_boat":2,"minecraft:poppy":10,"minecraft:sugar_cane":15,"minecraft:oak_planks":47,"minecraft:acacia_sapling":3,"minecraft:oak_slab":13,"minecraft:stick":2,"minecraft:raw_iron":9,"minecraft:oak_door":2,"minecraft:cooked_porkchop":5,"minecraft:oak_fence":30,"minecraft:dandelion":12,"minecraft:torch":13,"minecraft:acacia_log":2,"minecraft:gravel":1,"minecraft:sand":1,"minecraft:ink_sac":3,"minecraft:diorite":6,"minecraft:carrot":2,"minecraft:mossy_cobblestone":3,"minecraft:hay_block":1,"minecraft:granite":52,"minecraft:bread":19,"minecraft:white_terracotta":5,"minecraft:terracotta":14,"minecraft:oak_sapling":3,"minecraft:black_wool":1,"minecraft:mutton":2,"minecraft:coal":14,"minecraft:white_wool":6,"minecraft:cobblestone":2402},"minecraft:mined":{"minecraft:oak_slab":14,"minecraft:glass_pane":3,"minecraft:mossy_cobblestone":3,"minecraft:cobblestone_stairs":2,"minecraft:orange_terracotta":13,"minecraft:dandelion":11,"minecraft:oak_fence":31,"minecraft:torch":1,"gravestone:gravestone":17,"minecraft:granite":43,"minecraft:red_sand":1,"minecraft:grass_block":5,"minecraft:poppy":9,"minecraft:copper_ore":14,"minecraft:cobblestone":102,"minecraft:oak_planks":50,"minecraft:sugar_cane":5,"minecraft:diorite":7,"minecraft:wall_torch":2,"minecraft:white_terracotta":1,"minecraft:yellow_wool":7,"minecraft:cobbled_deepslate":5,"minecraft:fire":5,"minecraft:iron_ore":9,"minecraft:andesite":19,"minecraft:yellow_bed":1,"minecraft:grass":11,"minecraft:oak_log":57,"minecraft:coal_ore":8,"minecraft:oak_stairs":50,"minecraft:gravel":1,"minecraft:dirt":10,"minecraft:sand":1,"minecraft:stone":2243,"minecraft:white_wool":6,"minecraft:oak_leaves":17,"minecraft:deepslate":72},"minecraft:killed":{"minecraft:pig":1},"minecraft:used":{"minecraft:cooked_mutton":2,"minecraft:diorite":65,"minecraft:stone_pickaxe":85,"minecraft:ladder":106,"minecraft:oak_planks":28,"minecraft:wooden_pickaxe":26,"minecraft:white_terracotta":4,"vanillaplustools:stone_hammer":335,"minecraft:torch":13,"minecraft:dirt":19,"minecraft:sand":1,"minecraft:terracotta":3,"minecraft:crafting_table":1,"minecraft:carrot":1,"minecraft:granite":35,"minecraft:wooden_axe":59,"minecraft:iron_pickaxe":2,"minecraft:iron_axe":40,"minecraft:bread":24,"minecraft:acacia_slab":2,"minecraft:stone_axe":135,"minecraft:cobblestone":2257,"minecraft:cooked_porkchop":1,"minecraft:furnace":1,"minecraft:andesite":7,"minecraft:potato":9,"minecraft:oak_boat":2,"minecraft:cobbled_deepslate":71},"minecraft:crafted":{"minecraft:oak_planks":224,"vanillaplustools:stone_hammer":3,"minecraft:crafting_table":1,"minecraft:acacia_slab":12,"minecraft:wooden_pickaxe":1,"minecraft:furnace":1,"minecraft:birch_planks":4,"sanitydim:garland":1,"minecraft:stone_axe":1,"minecraft:cooked_mutton":2,"minecraft:air":0,"minecraft:oak_boat":1,"minecraft:charcoal":3,"minecraft:ladder":108,"minecraft:stick":372,"minecraft:iron_pickaxe":1,"minecraft:stone_pickaxe":36,"minecraft:wooden_axe":1,"minecraft:chest":1,"minecraft:acacia_planks":44,"minecraft:torch":24},"minecraft:dropped":{"minecraft:oak_door":1,"minecraft:bread":1,"minecraft:wheat_seeds":4,"minecraft:cobblestone":4,"minecraft:oak_planks":1,"minecraft:poppy":2,"gravestone:obituary":14,"minecraft:red_sand":1,"minecraft:stone_pickaxe":6,"minecraft:dandelion":2},"minecraft:broken":{"vanillaplustools:stone_hammer":2,"minecraft:stone_axe":1,"sanitydim:garland":1}},"DataVersion":3120}